{
  "className": "Atmosphere",
  "properties": {
    "Density": 0.36399999260902405,
    "Color": [
      0.3019607961177826,
      0.40392160415649414,
      0.40392160415649414
    ],
    "Decay": [
      0.3607843220233917,
      0.3607843220233917,
      0.3607843220233917
    ],
    "Offset": 0.20000000298023224
  }
}