{
  "className": "SunRaysEffect",
  "properties": {
    "Intensity": 0.029999999329447746,
    "Spread": 0.7009999752044678
  }
}