{
  "className": "Atmosphere",
  "properties": {
    "Density": 0.32499998807907104,
    "Color": [
      1.0,
      0.8392157554626465,
      0.6745098233222961
    ],
    "Decay": [
      1.0,
      0.7921568751335144,
      0.686274528503418
    ],
    "Haze": 2.0299999713897705,
    "Glare": 0.30000001192092896,
    "Offset": 0.7360000014305115
  }
}