{
  "className": "ColorCorrectionEffect",
  "properties": {
    "Contrast": 0.15000000596046448,
    "Brightness": 0.08500000089406967
  }
}