{
  "className": "SunRaysEffect",
  "properties": {
    "Intensity": 0.035999998450279236,
    "Spread": 0.335999995470047
  }
}