{
  "className": "ColorCorrectionEffect",
  "properties": {
    "Contrast": 0.05000000074505806,
    "Saturation": -0.10000000149011612
  }
}