{
  "className": "Atmosphere",
  "properties": {
    "Density": 0.3199999928474426,
    "Color": [
      0.7803922295570374,
      0.7568628191947937,
      0.6745098233222961
    ],
    "Decay": [
      0.4901961088180542,
      0.46666669845581055,
      0.4235294461250305
    ],
    "Offset": 0.25
  }
}