{
  "className": "ColorCorrectionEffect",
  "properties": {
    "Contrast": 0.05000000074505806,
    "TintColor": [
      0.8980392813682556,
      0.9490196704864502,
      1.0
    ],
    "Saturation": -0.10000000149011612
  }
}