{
  "className": "SunRaysEffect",
  "properties": {
    "Intensity": 0.029999999329447746,
    "Spread": 0.10000000149011612
  }
}